type,value
Trees,1.20934
Trees,1.64657
Trees,0.48881
Trees,0.12409
Trees,0.02358
Trees,0.06333
Trees,1.12003
Trees,0.58810
Trees,1.20934
Height,0.91082 
Height,0.96212
Height,1.01861 
Height,1.35875 
Height,1.24427 
Height,0.23958 
Height,0.56827 
Height,0.01034
Height,0.91082 
